0,1,2
9222338540,Zdzisława,Nagatsuka
2282151559,Gustawa,Szkudlarek
3252845027,Nikolai,Siatkowski
9250642598,Fryderyk,Kokoszka
2310960944,Itzel,Noguchi
9320849322,Amanda,Jóźwik
1242595934,Angela,Burrell
8210220683,Madeleine,Lehrer
5261644769,Jolanta,Wolniewicz
10231716159,Waleria,Hawking
5230251066,Donald,Juskowiak
6251795584,Natan,Nakonieczna
9261116925,Motoshi,Pyka
10262831999,Emilia,Lorentz
2291741536,Judah,Piątek
1292619677,Tolisława,Kudelski
9291790959,Maryn,Hisamatsu
5221068275,Abby,Spalding
8292242083,Dakota,Niven
8222317980,Bailey,Pawluk
1281651220,Shigeki,Oshea
2252141133,Korneli,Bartos
10167553,Deborah,Morgenstern
5261747790,Subisława,Ericson
6321572406,Teodozjusz,Staniewski
5322237165,Witold,Basta
9272959476,Zhuri,Przepiórka
10220988699,Danisława,Gradowski
2220337641,Ezechiel,Wasiak
8240474627,Wacław,Kenmotsu
9210798417,Riichi,Aquino
9301948370,Emina,Giza
3262690215,Albertyna,Walsh
10221285993,Teodora,Adkins
5212674786,Amari,Gracz
4321023557,Stoisława,Forest
62187521,Hubert,Snelling
4311358452,Subisław,Rokita
7241119229,Lucjana,Kotlarz
2280925279,Ewarysta,Kon
3232119427,Paula,Cooper
8300478330,Tosuke,Tocci
9231337237,Chwalimir,Egger
7270819734,Yukari,Reeve
8302918601,Herma,Kielak
5230368421,Dorosława,Kujawski
4321616702,Violeta,Potępa
5292031800,Danisław,Musialik
7290653400,Domasława,Stadnik
7260665020,Wisława,Woch
4273081607,Marcin,Devlin
3321237933,Rejna,Mruk
5310596485,Lejla,Żelazowski
1292944351,Audrey,Rydel
3272132284,Agata,Tolkien
10211497199,Dal,Brandon
2301594831,Albin,Jeleń
3252290810,Maja,Jaroń
9271557613,Koryna,Cybulski
2321114282,Martyna,Oshea
2270611935,Dawid,Irvin
10212318495,Wit,Teufel
2301852319,Pamela,Eason
1290898997,Dawid,Strzelec
7231817270,Kazimierz,Hattori
9280853872,Angela,Kudyba
10323074125,Miłogost,Durand
4220725761,Władysław,Troszczyński
9262152588,Ziemowit,Cichosz
9280890802,Sędzisława,Jacobs
1291319790,Rejna,Lipka
111172461,Emir,Tabor
5292455808,Żanna,Podolak
4311445293,Gaj,Bogus
9241013312,Hideto,Jędrasik
9212654184,Atena,Kaźmierczak
4302315271,Patrycjusz,Piasek
6312694188,Laurencjusz,Wiegand
7260214453,Arabella,Rogaczewski
5230666796,Hitoki,Zubiaga
71661847,Petra,Hinz
9321932328,Jamie,Renaud
101716796,Hektor,Summers
4311224070,Karyna,Koshin
5301526802,Tytus,Skrzyniarz
1271265969,Alicja,Chrabąszcz
111999668,Marian,Jinks
9212177560,Seitoku,Emerson
82911324,Amina,Struś
3311287630,Jaxson,Białas
7260741638,Florian,Jarzynka
5270243861,Sergiusz,Wolfe
9260929294,Marcelina,Nemoto
3282923364,Andrea,Coupe
6240342977,Dorota,Ferri
8262950714,Mariusz,Szymanowicz
5261479233,Astryda,Fuschida
9221696227,Świętibor,Janiec
9312389760,Mark,Brandt
10292593335,Tymon,Błaszkiewicz
7241612104,Wandelin,Aniszewski
2220833970,Gemma,Teagan
6300828049,Daniel,Hayes
3211453560,Lubogost,Kajiyama
61734427,Mineko,Wilczyński
4292570366,Atsuko,Ziomek
1242742107,Larysa,Kramer
3310267482,Mira,Roux
5280443002,Zbigniew,Kozakowski
7242617405,Alfred,Regan
5250464099,Konstantyn,Gunia
10301680508,Van,Okrój
1211750724,Babeta,Kamachi
8272945144,Delia,Kurohiko
10321776807,Wenancjusz,Paris
4231823193,Salem,Kobiałka
2270828328,Reiko,Navarro
6303038630,Kleopatra,Bates
4253188531,Zwinisława,Furmaniak
6220585073,Jarosława,Hooker
9310152533,Wisław,Dworak
2301269515,Alojzy,Potępa
10280182860,Hiro,Kaufman
3252526052,Jolene,De
10301346167,Tolisława,Kościuk
4232769711,Lejla,Idzikowski
7270222226,Onufry,Reilly
7300116448,Gemma,Kruse
8301874043,Lilianna,Borowy
2272350933,Andrzeja,Mroczek
1322213723,Kanimir,Kąkol
6262130657,Tacjana,Żabiński
6230674541,Bernadeta,Sitko
2232160266,Mirella,Fox
8301047553,Rachela,Lamar
7230379429,Leonard,Balenziaga
111116412,Cedric,Vance
5302398183,Kacper,Bosco
7291512232,Mirosz,Baumbach
8271694759,Dorosława,Siwy
8260766209,Mikako,Jarmołowicz
4212453917,Tymoteusz,Ninomiya
6212920747,Irmina,Kikuchi
12262386,Radosław,Rataj
8232344567,Makiko,Baumann
2242588528,Tomiła,Olech
8241076064,Dariel,Śmietana
10222269112,Judah,Simon
9320631761,Lech,Grzelczak
2262067634,Noah,Szukalski
3300466576,Ximena,Wallace
120879681,Zygfryda,Dudziak
3240790748,Lionel,Szadkowski
9210754879,Hermenegilda,Frańczak
7290498373,Jakari,Kociszewski
3320973566,Ludolf,Hayden
3230644008,Julianna,Tanzer
8220850081,Abelard,Couture
9312494819,Aurelian,Moser
6212054556,Clare,Horn
4212139886,Janusz,Pinto
10232844978,Ariah,Rozbicki
1242089572,Amadeusz,Giza
9280398225,Kordian,Trevino
3322896382,Apollo,Abramowski
2241283455,Benedykta,Kasperski
31797128,Michihiro,Żabicki
5271197466,Wierzchosława,Górny
1273166718,Romana,Prinz
3312293232,Benon,Kuno
5311558880,Valentina,Kulka
1291874033,Ajdin,Macduff
9250315621,Yoichi,Addison
5250578314,Anzelma,Ginea
4271923491,Rachel,Stone
3241166377,Karina,Wieck
41035540,Yoshimi,Żebrowski
3272478757,Dżan,Walczyk
9212469515,Jiichi,Dziubak
2281054051,Hugon,Wojtkowiak
3282044054,Leona,Tracy
3241653895,Manuela,Alger
111860786,Kajusz,Peters
9320424996,Józefat,Lenczewski
8312971061,Teresa,Pugliesi
2312377032,Natsumi,Baird
7270661867,Gracjan,Berezowski
10271386521,Walenty,Ratajczak
7241757825,Tina,Trevisani
8281299696,Odo,Goleń
7262579578,Gryzelda,Wilkie
3211681325,Minerwa,Nakadan
3310285653,Rozamunda,Krzeszowski
40530114,Tytus,Cropper
4311186813,Murat,Bahr
8321971384,Tatiana,Arthur
6220533229,Tymora,Dennell
1241470005,Łazarz,Siedlecki
4273137773,Safana,Kuczyński
7310270301,Yori,Schermer
2261216909,Korneli,Brewster
4323052287,Krystyna,Hartmann
10252980630,Mikołaj,Perkins
1262122217,August,Pliszka
6271916747,Yaretzi,Maślak
10281219558,Szarlota,Macdonald
9301597147,Ezekiel,Foster
1210562047,Angela,Reeve
10272168720,Aneta,Ciszewski
3311136200,Barabasz,Bojko
8300938524,Walery,Edwards
92520923,Dżesika,Kuśmierski
10311657453,Felicyta,Collins
2232845066,Filipina,Jońca
4280299644,Serwacy,Hope
4321822484,Romualda,Anioł
2292197336,Mojmira,Causer
5282374850,Moyomon,Shaw
53089982,Evangeline,Page
10313044101,Grzymisław,Warren
8290221941,Albin,Kaca
8230958834,Ainsley,Fannon
6211040093,Laila,Mandelbaum
2262661753,Weronika,Jurak
3281592619,Jay,Dębiec
5251673070,Ignacy,Karamorita
100384347,Yukitsugu,Barone
3300669993,Marta,Bagrowski
8323026655,Zwinisława,Prokopowicz
7262779411,Henryka,Klimczyk
5210481463,Atena,Makieła
8220910000,Kanimir,Szymkiewicz
4321230537,Hipolit,Łada
2291397263,Mayuko,Styles
4272435070,Seitoku,Żelazko
70327193,Milena,Lupa
6320615348,Witołd,Schwenke
4301399454,Izabela,Aleshire
9303178654,Irma,Szyszkowski
6270688023,Rozwita,Pękała
1271950175,Mariola,Rataj
5260960022,Bromira,Bryson
4271132046,Babeta,Mroczek
7230465719,Lisa,Kaibara
7210212678,Malakai,Walker
8300940635,Weridiana,Akins
7212084347,Cinosława,Golonka
9260879568,Sakura,Faust
10261342739,Leszek,Przyborowski
5262624441,Sykstus,Radosz
70635683,Ikumi,Długokęcki
1270213154,Hitoki,Chruściński
6301198460,Karolina,Mulligan
6221385993,Leon,Gunther
80695859,August,Manna
7322267359,Pabiana,Bachmeier
6292282975,Antonin,Róg
3253149809,Lucyna,Warner
6302545926,Bolesława,Rykała
10272477846,Latifa,Sargent
8301338217,Gracja,Devlin
4250920718,Tyberiusz,Oppenheimer
3263057224,Cezar,Eliott
3270190763,Halszka,Błaszczyk
92022302,Faustyna,Roux
1310642195,Patrycjusz,Gregorczyk
5322341916,Julita,Kaproń
72940703,Langston,Furusawa
4291820486,Maciej,Gondek
3280419357,Sara,Świętochowski
1212915812,Letycja,Cegłowski
5232766715,Ludomił,Murakami
4241532607,Konstancjusz,Grygoruk
30575066,Ożanna,Drożdżyński
9313054955,Ewarysta,Voss
6270463752,Emerson,Koguchi
8322783797,Lenart,Wcisło
5212586241,Malena,Lombardi
1253145696,Starwit,Hines
4302553961,Daishin,Kitowski
7252878904,Nataniel,Ciccone
4241796658,Apolinary,Marczewski
9321374825,Dariusz,Hart
6211053037,Juta,Kokan
5250610995,Beniamina,Wolff
3280178391,Ulana,Poręba
5242893405,Józef,Andrysiak
9211895199,Sędzisław,Wiater
8251767758,Tomoyuki,Nixon
5261764304,Emma,Asahi
4270155879,Serwacy,Pikulski
10211884887,Hermes,Witczak
2292318399,Marcela,Kamionka
8231054980,Gavin,Giles
1210878436,Wilhelmina,Szczur
10242351752,Arkady,Łopata
72999714,Dagmara,Royo
9212570998,Dajmir,Zagrodzki
7292710028,Raven,Ceglarz
9242113677,Dallas,Hancock
4320736843,Gloria,Jarczyński
5321715545,Izydor,Małysz
112393997,Ellianna,Kempa
5291759170,Dalila,Kucharski
110474595,Laurencjusz,Hałas
3250553166,Bolesława,Faron
10222089046,Cina,Giese
7281374404,Angie,Remiszewski
8292646054,Madeleine,Kupis
3291625978,Tina,Dymek
5212561707,Oksana,Hunter
7283126580,Nikodem,Tasker
6300238477,Hasan,Jarmołowicz
100832864,Żarek,Asahara
2212633959,Maja,Nakano
1322172273,Mateusz,Torres
2230413922,Małgorzata,Hayes
1242937981,Achilles,Blicharz
5290891806,Maria,Rąpała
1230476018,Osame,Gradowski
7212344605,Tybita,Cross
7281384728,Oleg,Maik
2301878656,Gemma,Mędrek
9261324098,Simon,Malik
30967278,Otto,Zabielski
7260891166,Alojzy,Szymaszek
10210237730,Khaleesi,Gos
50799116,Krzysztofa,Karolczak
6301174477,Wirgilia,Mitchell
1230958415,Kana,Morioka
62041809,Hermina,Iida
1250142061,Seweryn,Raske
1321045196,Angelina,Herman
6290746127,Daiki,Zieliński
7222210651,Franciszek,Wright
4241360679,Yoichi,Borghi
6321228895,Juliana,Kotwica
8270688195,Julieta,Podlewski
10230561491,Chance,Horne
1252620516,Anetta,Boyd
30998957,Bogdana,Elliott
102999796,Kylo,Płoski
5282988194,Helga,Piechowicz
10270346209,Kochan,Oleszkiewicz
9281479899,Felicjan,Porcher
10282257779,Stanisława,Navarro
3291680551,Bożimir,Dziubiński
5312073489,Lyric,Czarny
9270774376,Alberta,Holt
7271286203,Mieczysława,Gibson
1230225407,Ira,Trybuła
2210579839,Achilles,Riley
9311981093,Tarik,Brodowski
110744795,Setsuko,Jeż
9301989649,Adler,Trevis
9210533939,Wioleta,Biela
7290354301,Beatrycja,Sakowski
4221615906,Lucjan,Łuszczek
6270276860,Irmina,Arthur
10261651046,Emilia,Stacy
7282581872,Yukinori,Colbert
6291280288,Zoja,Teel
7230850801,Gwalbert,Cochrane
10232424691,Zygbert,Sanford
3212510318,Genji,Hiyama
20272665,Bogna,Kalita
10292019349,Wahid,Mazurowski
9232118695,Grzymsława,Jagła
4240998693,Zdzisława,Matuszak
6281078516,Sobiesława,Bucki
8292878264,Celestyn,Szukalski
9253156917,Seweryn,Słodkowski
9280946541,Tristan,Tocci
7262248225,Kenzo,Brody
6312289618,Leokadiusz,Kurpiewski
3260525870,Walter,Miller
122282324,Murat,Germain
9322598200,Toshio,Tresler
1302392394,Gracjan,Murasaki
6271242019,Godfryg,Milanowski
9250429298,Dzwonimierz,Hilton
5282322976,Ludolf,Kołecki
8240744933,Faustyn,Penny
6311949869,Greta,Grygiel
9210241021,Leona,Kalita
1210696986,Albert,Nurzyński
6230650152,Zaria,Zabielski
6261138380,Olaf,Evelyn
21019898,Gniewomira,Kubiś
1301878383,Gloria,Macneil
9282448805,Aurelia,Idane
10282699825,Julianda,Gackowski
3280686496,Leonard,Karolczak
8241487356,Adan,Kenmotsu
1210299912,Ożanna,Brzóski
10210714675,Dargomira,Dieter
7221887294,Leona,Fijał
1302564889,Ilza,Krzysiek
3251712562,Sulisław,Amadei
7281939607,Beniamin,Pałasz
22230298642,Gohei,Constable
14232233970,Paulina,Telega
12240185825,Ashlyn,Kotwicki
22270138313,Kajusz,Kaiser
20322573341,Huberta,Matusz
15311573569,Żelisława,Kwiatkowski
18222744518,Delfina,Jakubas
16222967340,Wandelin,Nomura
16232519449,Osiris,Fujimoto
11251728283,Alicja,Kędzior
13292175013,Osame,Jawor
22261270664,Miłogost,Couture
21310744130,Julita,Czaban
21231992715,Pamela,Lennox
13240847692,Lucjana,Wortham
21322089649,Andrea,Maehata
18260587713,Rozalinda,Jakóbczak
14273155912,Krzysztof,Benvenuti
21270728827,Cassandra,Śliwowski
19240194154,Reiko,Hideyoshi
12251120785,Wierzchosława,Michałkiewicz
14291581759,Zaria,Jamison
20211378318,Olek,Dybek
11322864867,Żarek,Staszczak
21292981273,Yori,Salomon
20311976670,Sulima,Duguay
11320146699,Borys,Smith
16222767131,Nikodema,Macfarlane
19282440202,Ila,Radomski
12283088570,Moyomon,Skinner
21272871912,Zaniyah,Kogut
15262144342,Maksa,Bates
22292957970,Dagna,Rowan
16211964934,Kamira,Dwight
21211994067,Angie,Rajewski
13291356631,Adrian,Stryjewski
12280794342,Konrad,Bentkowski
14310635577,Estera,Marchand
15252974117,Filomena,Cedro
20271941600,Bogdana,Rydz
19282262107,Nataly,Dębowski
13222860888,Manuel,Augustowski
20241970605,Pakosław,Radomski
19271254786,Ilia,Łaski
16221123806,Hubert,Kochanowski
19283160046,Dominika,Świderek
15271280103,Daniel,Ociepka
17230874527,Laurencja,Callahan
13282674917,Karima,Żebrowski
22322136720,Florentyn,Iwanicki
17211227582,Hugon,Hayes
21312363876,Wahid,Araki
16291534928,Salem,Bęben
15242160502,Selena,Macneil
14300699943,Huberta,Gorman
20312022394,Ewarysta,Marecki
13250624386,Przemysław,Ijichi
21212450270,Romualda,Kimiyama
14302178949,Józefina,Upton
21220390858,Ryszard,Budziak
16211462173,Dakota,Dembski
21242844067,Alan,Skalski
22261718010,Ambroży,Bullard
20312764182,Siemowit,Bauer
12243067586,Edwin,Rój
19270489334,Żarek,Olszowski
15242112479,Beat,Hopper
13250741980,Klarysa,Paquet
16262423145,Bogdana,Wiecheć
21320551526,Adela,Green
13210768569,Mohammed,Sinclair
12321382758,Jagna,Wantuch
21300532383,Mojmir,Papież
20312271989,Lyra,Wickham
17311046777,Adamina,Herman
22230916065,Stevie,Dyba
21292519449,Bogdana,Walton
11300867501,Grażyna,Róg
11240114741,Dobrogost,Guzowski
12240134645,Wisław,Bieda
12322031088,Janusz,Guthrie
18262385906,Marek,Wheatley
22220144003,Jan,Duliński
19280153353,Orest,Di
17312440068,Miłowita,Michalczyk
17260427247,Gracelyn,Wruck
13282518336,Ferdynand,Kania
13241155785,Kajfasz,Konior
14242543470,Eunika,Karpowicz
22302459735,Mariola,Kostrubiec
15291450070,Mariam,Hannay
18240882243,Chociemir,Olibarri
17272783135,Sadami,Dąbek
21231522747,Ariah,Balboni
13291331456,Tomoyuki,Faure
20261047367,Zenon,Nakamoto
14270953131,Jan,Sutherland
13211644899,Ofelia,Śmiechowski
20290983454,Robert,Morisue
16311072478,Sandra,Stolarski
16301818495,Wioletta,Mościcki
14220311369,Lesław,Celiński
17310578811,Sykstus,Dembski
20221914043,Grażyna,Kiski
13310968436,Gniewomira,Sus
22322499173,Maurycjusz,Zimna
15272451467,Krystyna,Cisak
17231066666,Emilia,Kajahara
18250753416,Filipina,Dobrzeniecki
21271440816,Zwinisława,Matuła
13263080522,Dal,Bonnaire
17232322264,Bert,Tillens
17250213436,Elmira,Rossa
21300790505,Beatrycze,Sniders
22301715038,Otylia,Ulman
18211619807,Unima,Rossa
20212712144,Rachela,Devine
18250667614,Chwalibóg,Bennett
12242039306,Lubomił,Krzysztoń
18302745268,Iwona,Mielnik
22241038893,Alfreda,Szumiński
20222265667,Letycja,Kuramochi
11243062751,Wioleta,Kumor
15241175495,Bailee,Komagata
15291046730,Cecilia,Matczuk
13231310064,Lyric,Załęcki
21253115794,Laylah,Łabuda
21232048934,Keira,Świerkowski
19241192076,Mojra,Harada
18281853729,Jakub,Lyon
18211516531,Bronisława,Furmanek
21212474577,Gabrielle,Olszowski
13301884729,Dacjusz,Ruta
20262959227,Yasuji,Warner
20312537465,Dallas,Głuszak
19272921355,Wolimir,Fukusaku
21231944439,Karima,Payne
21251056020,Megi,Kotwica
12321873331,Rachela,Grabowski
22310582904,Żywisława,Morris
13261983582,Ignacy,Duffy
19242184142,Jolene,Broda
11311686021,Salma,Kusatsu
22221136841,Beatrycja,Messener
17230939817,Waleria,Ibarra
12240929315,Raymond,Rosiek
11253128647,Jaromiła,Forrester
18322762379,Krzysztofa,Murray
16321860869,Lauryn,Turkowski
17262528793,Teofila,Iitaka
16241993942,Julia,Gilliam
11271743002,Wrocisław,Arnold
13262599704,Alwin,Simpson
11250589708,Laurencjusz,Żelazna
13231914138,Gohei,Górny
21230688008,Kalpurnia,Prescott
21242440010,Lawson,Wanat
18261880082,Arya,Haden
18321166273,Eliasz,Drzewiecki
20210789809,Pachomiusz,Trzeciak
22252334234,Nika,Masłowski
15262947051,Konradyn,Garro
13252118205,Leona,Walsh
22240861571,Anzelma,Grudzień
21211356232,Kira,Stachowicz
21250334802,Gryzelda,Ćwikliński
15221435102,Damari,Maccarthy
15262364823,Alfred,Poniatowski
21212990444,Alan,Hightower
13271978417,Khaleesi,Latała
18233174102,Chaim,Fudali
20322275595,Fabiana,Pabich
11322733549,Godzisław,Sachs
21282438682,Bailee,Wielgus
16250845654,Leopold,Mrowiec
19250874653,Ambroży,Błaszczyk
22280568021,Denichi,Woch
12281188142,Polmira,Luther
11261074217,Ożanna,Donald
18303011470,Stojan,Skarżyński
20230539581,Zhuri,Pielak
17312736956,Kira,Olszówka
18322026235,Andrzej,Atshushi
15271878216,Linda,Sidorowicz
18320481184,Sarina,Strączek
17313070471,Matsuhei,Toscano
13282893114,Lena,Cole
19273170284,Bogdana,Dubois
11310926513,Florian,Jefferson
19251343459,Masanao,Simpson
22212134366,Shane,Fairburn
11292622474,Dargosław,Pilarczyk
11311191420,Jaxson,Iwańczyk
13280862406,Tomasz,Simon
13252344921,Grzegorz,Warchoł
20212640694,Cyprian,Hideki
15251166258,Bodosław,Pytlik
12241449506,Serafin,Bąkowski
14300753898,Ewa,Kistner
17282133719,Maryja,Kawachi
